sno,A1,A2,A3,A4,A5,A6,A7,A8,A9,A10,A11,A12,A13,A14,A15,A16,A17,A18,A19,A20,A21,A22,A23,A24
3,4,12,4,21,1,4,3,3,1,49,3,1,2,1,1,0,0,1,0,0,1,0,1,0
4,1,42,2,79,1,4,3,4,2,45,3,1,2,1,1,0,0,0,0,0,0,0,0,1
5,1,24,3,49,1,3,3,4,4,53,3,2,2,1,1,1,0,1,0,0,0,0,0,1
6,4,36,2,91,5,3,3,4,4,35,3,1,2,2,1,0,0,1,0,0,0,0,1,0
7,4,24,2,28,3,5,3,4,2,53,3,1,1,1,1,0,0,1,0,0,1,0,0,1
9,4,12,2,31,4,4,1,4,1,61,3,1,1,1,1,0,0,1,0,0,1,0,1,0
10,2,30,4,52,1,1,4,2,3,28,3,2,1,1,1,1,0,1,0,0,1,0,0,0
11,2,12,2,13,1,2,2,1,3,25,3,1,1,1,1,1,0,1,0,1,0,0,0,1
14,1,24,4,12,1,5,3,4,3,60,3,2,1,1,1,1,0,1,0,0,1,0,1,0
15,1,15,2,14,1,3,2,4,3,28,3,1,1,1,1,1,0,1,0,1,0,0,0,1
16,1,24,2,13,2,3,2,2,3,32,3,1,1,1,1,0,0,1,0,0,1,0,1,0
17,4,24,4,24,5,5,3,4,2,53,3,2,1,1,1,0,0,1,0,0,1,0,0,1
18,1,30,0,81,5,2,3,3,3,25,1,3,1,1,1,0,0,1,0,0,1,0,0,1
20,4,24,2,34,3,5,3,2,3,31,3,1,2,2,1,0,0,1,0,0,1,0,0,1
21,4,9,4,21,1,3,3,4,3,48,3,3,1,2,1,1,0,1,0,0,1,0,0,1
24,2,12,4,18,2,2,3,4,2,44,3,1,1,1,1,0,1,1,0,0,1,0,0,1
25,4,10,4,21,5,3,4,1,3,26,3,2,1,1,2,0,0,1,0,0,1,0,0,1
28,3,12,1,4,4,3,2,3,1,42,3,2,1,1,1,0,0,1,0,1,0,0,0,1
29,2,7,2,24,1,3,3,2,1,34,3,1,1,1,1,0,0,0,0,0,1,0,0,1
30,1,60,3,68,1,5,3,4,4,63,3,2,1,2,1,0,0,1,0,0,1,0,0,1
31,2,18,2,19,4,2,4,3,1,36,1,1,1,2,1,0,0,1,0,0,1,0,0,1
32,1,24,2,40,1,3,3,2,3,27,2,1,1,1,1,0,0,1,0,0,1,0,0,1
33,2,18,2,59,2,3,3,2,3,30,3,2,1,2,1,1,0,1,0,0,1,0,0,1
34,4,12,4,13,5,5,3,4,4,57,3,1,1,1,1,0,0,1,0,1,0,0,1,0
35,3,12,2,15,1,2,2,1,2,33,1,1,1,2,1,0,0,1,0,0,1,0,0,0
36,2,45,4,47,1,2,3,2,2,25,3,2,1,1,1,0,0,1,0,0,1,0,1,0
37,4,48,4,61,1,3,3,3,4,31,1,1,1,2,1,0,0,1,0,0,0,0,0,1
38,3,18,2,21,1,3,3,2,1,37,2,1,1,1,1,0,0,0,1,0,1,0,0,1
40,2,9,2,5,1,3,3,3,1,24,3,1,1,1,1,0,0,1,0,0,1,0,0,1
41,4,30,2,23,3,5,3,2,3,30,1,1,1,1,1,0,0,1,0,0,1,0,0,0
42,2,12,2,12,3,3,1,1,3,26,3,1,1,2,1,0,0,1,0,0,1,0,0,1
43,2,18,3,62,1,3,3,4,1,44,3,1,2,2,1,0,0,1,0,0,1,0,1,0
44,1,30,4,62,2,4,4,4,3,24,3,2,1,1,1,0,1,1,0,1,0,0,0,1
45,1,48,4,61,1,5,2,4,4,58,2,2,1,1,1,0,1,1,0,0,0,0,1,0
46,4,11,4,14,1,2,2,4,3,35,3,2,1,1,1,1,0,1,0,0,1,0,0,0
47,4,36,2,23,3,5,3,4,3,39,3,1,1,1,1,0,0,1,0,0,1,0,0,1
48,1,6,2,14,3,1,2,2,2,23,3,1,1,2,1,0,1,1,0,1,0,1,0,0
49,4,11,4,72,1,3,3,4,2,39,3,2,1,1,1,1,0,1,0,0,1,0,1,0
51,2,24,3,23,5,2,3,2,2,29,1,1,1,1,1,0,0,1,0,0,1,0,1,0
52,2,27,3,60,1,5,3,2,3,30,3,2,1,2,1,0,1,1,0,0,1,0,0,0
54,4,18,2,34,5,3,3,1,2,31,3,1,1,2,1,0,1,1,0,0,1,0,0,1
55,2,36,3,22,1,5,3,4,4,57,1,2,1,2,1,1,0,1,0,0,0,0,0,1
56,4,6,1,8,5,3,3,2,1,26,2,1,2,1,1,1,0,0,0,0,1,0,1,0
57,2,12,2,65,5,1,3,1,4,52,3,1,1,2,1,0,0,1,0,0,1,0,0,0
58,4,36,4,96,1,3,2,2,3,31,2,2,1,1,1,0,0,1,0,0,1,0,0,1
60,1,36,4,62,1,2,2,4,4,23,3,2,1,2,1,0,0,0,1,1,0,0,1,0
61,2,9,2,14,1,3,4,1,1,27,1,1,1,2,1,0,0,1,0,0,1,0,0,1
63,2,36,0,20,1,5,3,4,4,61,3,1,1,2,1,0,0,1,0,0,0,0,0,0
65,4,24,2,32,1,2,2,4,2,26,3,1,1,2,1,0,0,1,0,0,1,0,0,1
66,4,27,2,52,5,5,3,4,2,48,3,4,2,2,1,0,0,1,0,0,1,0,0,1
67,4,12,2,22,1,2,2,2,3,29,1,1,1,1,1,0,0,1,0,0,1,0,0,1
71,4,36,2,81,1,3,2,2,2,30,1,1,1,1,1,0,1,1,0,0,1,0,0,1
72,4,7,4,7,5,5,3,2,2,46,3,2,1,2,1,0,0,1,0,1,0,0,1,0
73,1,8,4,12,1,5,3,4,4,51,1,2,2,2,1,0,0,1,0,0,0,0,0,0
74,2,42,4,60,1,4,2,1,1,41,1,2,1,1,1,0,0,1,0,0,1,0,1,0
75,1,36,2,20,5,5,3,4,4,40,3,1,1,2,1,0,0,1,0,0,1,0,0,0
76,1,12,4,15,1,5,3,4,4,66,3,2,1,1,1,0,1,1,0,0,0,0,0,0
77,1,42,2,40,1,2,3,3,3,34,3,1,1,1,1,0,0,1,0,0,1,0,0,1
79,4,54,0,94,5,3,3,2,2,39,3,1,2,1,1,0,1,1,0,0,1,0,1,0
80,2,30,2,38,1,2,4,1,2,22,3,1,1,1,1,0,0,1,0,0,1,0,0,1
81,4,24,2,59,5,2,2,1,3,44,3,2,1,2,1,0,0,1,0,0,1,0,0,1
84,1,24,2,18,1,5,2,4,1,58,3,1,1,2,1,0,0,0,0,0,1,0,1,0
85,1,10,2,23,1,5,3,4,1,52,3,1,1,1,1,0,0,1,0,0,1,0,1,0
86,4,12,4,14,1,3,2,2,1,29,3,2,1,2,1,0,0,0,0,0,1,0,0,0
87,2,18,4,13,1,2,2,1,2,27,3,2,1,1,1,0,0,1,0,0,1,0,0,1
88,2,36,2,126,2,3,3,4,4,47,3,1,2,2,1,0,0,1,0,0,0,0,0,1
90,1,12,0,11,1,4,3,3,1,28,3,2,1,1,1,0,0,1,0,0,1,0,0,1
91,4,12,4,6,1,5,3,4,1,56,3,1,1,1,1,0,0,1,0,0,1,0,0,1
93,4,12,4,8,5,5,2,3,2,33,1,1,2,1,1,0,0,1,0,0,1,0,1,0
95,2,12,2,13,4,5,3,4,1,54,3,1,1,2,1,1,0,1,0,0,1,0,0,1
96,2,54,0,159,1,2,3,4,4,58,3,1,1,2,1,0,0,1,0,1,0,0,0,1
98,2,18,2,26,2,3,3,4,3,34,3,1,1,1,1,0,0,1,0,0,1,0,0,1
99,2,36,4,23,1,5,3,4,1,36,3,1,1,1,1,0,0,1,0,0,1,0,0,1
100,2,20,3,71,5,4,3,4,2,36,1,2,2,2,1,0,1,1,0,1,0,0,0,0
101,4,24,2,15,2,5,4,4,1,41,3,1,1,1,1,1,0,1,0,1,0,0,1,0
103,4,6,3,9,1,3,2,2,1,24,3,1,1,1,1,0,0,1,0,0,1,0,0,1
104,2,9,4,19,1,4,3,3,3,35,3,1,1,2,1,0,0,1,0,1,0,0,0,1
105,4,12,2,24,5,2,4,4,3,26,3,1,1,2,1,0,1,1,0,1,0,0,0,1
106,2,24,4,119,1,3,3,3,3,39,3,2,2,2,1,0,0,0,1,0,1,0,0,0
108,2,12,2,61,1,4,3,2,3,32,3,1,1,1,1,1,0,1,0,0,1,0,0,1
109,1,24,2,77,5,2,2,2,2,30,3,1,1,2,2,0,0,1,0,0,1,0,0,1
111,2,6,3,14,2,5,1,2,3,31,1,2,2,1,1,0,0,1,0,0,1,0,0,1
112,3,15,2,4,1,2,2,4,2,23,3,1,1,2,1,0,0,1,0,1,0,0,0,1
113,2,18,2,63,1,4,3,3,1,28,3,1,1,1,1,1,0,1,0,1,0,0,1,0
115,1,12,2,17,3,5,4,1,1,35,3,1,1,1,1,0,0,1,0,0,1,0,0,1
116,4,48,4,36,5,5,3,1,1,47,3,1,1,2,1,0,0,1,0,0,1,0,0,1
117,1,42,2,72,5,4,2,3,3,30,3,1,1,2,1,0,0,1,0,0,1,0,0,0
118,1,10,4,21,5,2,2,3,1,27,3,2,1,1,2,0,0,0,1,1,0,0,0,1
119,1,33,4,43,3,3,2,4,3,23,3,2,1,1,1,0,0,1,0,0,1,0,0,1
121,1,21,2,18,1,3,2,2,1,25,3,2,1,2,1,0,0,1,0,0,1,0,0,1
124,3,10,4,8,1,5,3,4,4,63,3,2,1,2,1,1,0,1,0,0,0,0,0,1
125,2,18,2,19,5,2,2,3,1,27,3,1,1,1,1,0,0,1,0,1,0,0,0,1
126,1,12,4,21,1,3,3,2,2,30,3,2,1,1,1,1,0,1,0,0,1,0,0,1
127,1,12,2,7,1,3,4,2,1,40,3,1,1,1,1,0,0,1,0,0,1,0,1,0
128,2,12,2,6,1,3,3,2,3,30,3,1,1,1,1,0,0,1,0,0,1,0,0,1
129,2,12,4,19,1,1,3,2,3,34,3,2,1,2,1,0,1,1,0,0,1,0,0,0
130,1,12,4,35,1,3,2,2,1,29,3,2,1,1,1,1,0,0,1,0,1,0,0,1
131,2,48,2,85,5,4,2,2,3,24,3,1,1,1,1,1,0,1,0,0,1,0,0,1
132,1,36,3,69,1,3,3,3,2,29,2,1,1,2,1,0,0,1,0,0,1,0,0,1
133,4,15,2,27,1,2,3,3,2,27,1,2,1,1,1,0,0,1,0,0,1,0,1,0
134,4,18,2,20,1,3,3,4,4,47,1,2,1,1,1,0,0,1,0,0,0,0,0,1
135,4,60,2,101,2,4,2,4,1,21,3,1,1,2,1,0,0,1,0,0,1,0,0,1
136,4,12,4,12,5,5,2,2,1,38,3,2,1,2,1,0,0,1,0,0,1,0,0,1
137,4,27,3,86,4,3,3,2,3,27,3,2,1,1,1,0,1,1,0,0,1,0,0,1
138,2,12,2,8,3,3,3,3,1,66,3,1,1,1,1,0,0,1,0,0,1,0,1,0
139,2,15,4,27,5,4,3,2,1,35,1,3,1,2,1,0,0,0,0,0,1,0,0,1
140,3,12,2,19,1,3,2,2,3,44,3,1,1,2,1,0,0,1,0,1,0,0,1,0
141,3,6,2,7,4,2,4,2,1,27,3,1,1,1,2,1,0,1,0,0,1,1,0,0
142,2,36,2,48,1,2,2,1,4,30,3,1,1,2,1,0,0,1,0,0,1,0,0,0
143,1,27,2,34,1,3,3,2,3,27,3,1,1,1,1,0,0,1,0,0,1,0,0,0
144,1,18,2,25,1,3,3,2,3,22,3,1,1,1,1,0,0,1,0,0,1,0,0,1
145,4,21,4,23,1,2,2,4,2,23,3,1,1,2,1,0,0,1,0,0,1,0,0,1
146,2,48,1,36,2,4,3,2,3,30,3,1,1,1,1,0,0,1,0,0,1,0,0,1
148,4,12,4,7,2,4,2,3,3,51,3,2,1,2,1,1,0,1,0,0,1,0,0,1
149,1,36,4,54,1,3,3,2,2,28,3,2,1,1,1,0,0,0,0,0,1,0,0,1
150,4,18,4,16,4,5,3,4,3,46,3,2,1,1,1,0,0,1,0,0,1,0,0,1
151,4,6,2,13,2,5,3,4,4,42,1,1,2,2,1,0,0,1,0,0,0,0,0,1
152,4,10,2,19,1,3,3,4,2,38,3,1,1,2,2,0,0,1,0,0,1,0,0,1
154,2,24,4,78,4,5,2,4,4,29,3,1,1,1,1,0,1,1,0,1,0,0,0,1
155,2,24,3,70,2,4,3,4,3,36,3,1,1,2,1,0,0,1,0,1,0,0,0,0
156,1,12,2,13,1,3,2,4,3,20,3,1,1,1,1,0,0,1,0,1,0,0,0,1
158,1,12,1,3,1,5,4,1,3,45,1,1,1,1,1,0,0,1,0,0,1,0,1,0
160,4,6,4,19,5,3,3,2,1,34,3,2,2,1,1,0,0,1,0,0,1,0,1,0
161,4,24,4,29,2,5,3,4,1,36,3,1,2,2,1,0,0,1,0,0,1,0,0,1
162,4,18,4,11,1,2,2,1,2,30,3,2,1,1,1,1,0,1,0,0,1,0,0,1
163,4,15,2,13,3,4,3,3,2,36,3,2,1,2,1,0,0,1,0,0,1,0,0,1
164,2,10,2,73,1,1,3,4,4,70,1,1,1,2,1,1,0,1,0,0,0,0,0,0
165,4,36,2,9,3,5,3,4,2,36,3,1,1,1,1,1,0,1,0,0,1,0,0,1
167,1,18,2,11,1,1,2,2,3,33,3,1,1,1,1,0,0,1,0,0,1,0,0,1
168,2,11,2,16,4,2,2,1,1,20,3,1,1,1,1,0,0,1,0,0,1,0,0,1
169,4,24,2,40,1,4,2,4,2,25,3,1,1,2,1,0,0,1,0,1,0,0,0,1
170,2,24,4,19,1,5,1,4,1,31,3,2,1,2,1,0,0,1,0,0,1,0,0,1
172,4,12,2,8,1,3,2,1,1,26,3,1,1,2,1,0,0,1,0,0,1,0,0,1
173,2,24,3,21,1,1,2,2,2,34,3,1,1,2,1,0,0,1,0,0,1,0,0,0
174,2,8,2,14,1,3,3,2,1,33,3,1,1,1,2,0,0,0,0,0,1,0,0,1
176,4,30,1,75,5,1,2,1,1,53,1,1,1,2,1,0,1,1,0,0,1,0,0,0
177,1,12,2,26,1,3,1,1,3,42,3,1,1,1,1,0,0,1,0,0,1,0,0,1
178,1,6,4,3,3,5,3,4,3,52,3,2,1,1,1,0,0,1,0,0,1,0,0,1
180,1,21,4,6,1,5,3,4,1,65,3,2,1,1,1,1,0,1,0,0,1,0,0,1
181,4,36,3,96,1,2,1,1,3,28,3,2,1,1,1,0,0,1,0,0,1,0,0,1
183,1,21,1,16,5,3,3,2,2,40,3,2,2,1,1,1,0,1,0,0,1,0,1,0
184,4,24,4,38,4,3,3,4,1,50,3,1,1,2,1,0,0,1,0,0,1,0,0,1
185,2,18,4,9,1,5,3,4,3,36,1,1,2,2,1,1,0,1,0,0,1,0,0,1
186,4,15,4,14,1,3,3,2,2,31,3,2,1,1,1,0,0,1,0,0,1,0,0,1
187,2,9,1,51,1,5,2,4,4,74,1,1,2,2,1,0,1,1,0,0,0,0,0,0
188,2,16,4,12,1,1,3,3,3,68,3,3,1,2,1,1,0,1,0,0,0,1,0,0
189,1,12,2,7,2,4,4,1,2,20,3,1,1,1,1,0,0,1,0,0,1,0,0,1
190,2,18,0,32,1,3,2,4,3,33,1,2,1,2,1,0,0,1,0,0,1,0,0,1
191,4,24,2,46,4,3,3,3,2,54,3,3,1,2,1,0,0,1,0,0,1,0,0,0
192,2,48,0,38,2,4,3,4,4,34,3,1,2,1,1,0,0,1,0,0,0,0,1,0
193,2,27,2,39,1,3,3,2,3,36,3,1,2,2,1,0,0,1,0,0,1,0,0,1
194,4,6,2,21,1,4,4,2,1,29,3,1,1,1,1,0,0,1,0,1,0,0,0,1
195,2,45,2,30,2,3,3,4,2,21,3,1,1,1,1,0,0,0,0,1,0,0,0,1
196,2,9,4,15,1,5,2,3,3,34,3,2,1,2,1,0,0,1,0,0,1,0,0,0
197,4,6,4,14,1,3,2,1,3,28,3,2,1,2,1,0,0,1,0,0,1,0,0,1
198,2,12,2,10,2,2,2,4,3,27,1,4,1,1,1,0,0,1,0,1,0,0,0,1
199,2,24,2,28,5,5,3,4,4,36,1,1,1,2,1,0,1,1,0,0,0,0,0,1
202,1,12,2,12,1,3,4,3,1,27,3,1,1,1,1,1,0,1,0,0,1,0,1,0
203,4,27,3,51,1,4,3,4,3,26,3,2,1,1,1,0,0,1,0,0,1,0,0,1
206,1,30,4,106,1,5,3,4,4,38,3,3,2,2,1,0,1,1,0,0,0,0,0,0
207,4,12,4,19,1,5,3,4,1,43,3,3,1,2,1,0,0,1,0,0,1,0,0,1
208,2,12,4,14,1,4,3,3,2,26,3,1,1,1,1,0,0,1,0,0,1,0,0,1
209,1,24,2,66,1,3,4,2,3,21,2,1,1,1,1,0,0,1,0,0,1,0,1,0
210,4,12,2,14,4,4,3,2,2,55,3,1,1,1,2,0,1,1,0,0,1,0,0,1
211,4,9,4,31,5,3,3,2,1,33,3,2,2,1,1,0,0,1,0,0,1,0,0,1
212,4,36,2,38,5,5,2,4,1,45,3,1,1,2,1,0,0,1,0,0,1,0,1,0
213,1,27,0,53,1,1,3,4,2,50,2,2,1,2,1,0,0,1,0,0,1,0,0,1
215,4,36,4,33,5,5,3,2,3,51,3,1,1,2,1,0,0,1,0,0,1,0,0,1
216,2,6,4,9,5,4,2,3,2,39,3,2,1,1,1,0,0,1,0,0,1,0,1,0
217,1,18,0,31,1,4,3,1,2,31,1,1,1,2,1,0,0,1,0,0,1,0,0,1
218,3,36,2,39,1,3,3,2,1,23,3,1,1,2,1,0,0,1,0,0,1,0,0,1
219,1,24,2,30,1,3,1,2,1,24,3,1,1,1,1,0,0,1,0,1,0,0,1,0
220,4,10,2,14,1,3,2,4,3,64,3,1,1,2,1,1,0,1,0,0,1,0,0,1
221,2,12,2,6,1,2,4,1,1,26,1,1,1,1,1,0,0,0,0,0,1,0,1,0
222,1,12,2,12,5,3,2,4,2,23,1,1,1,2,1,0,0,1,0,1,0,0,0,1
223,4,12,2,7,1,3,3,2,1,30,1,2,1,1,1,0,0,1,0,0,1,0,0,1
224,4,24,3,30,5,3,3,4,1,32,3,2,2,2,1,0,0,1,0,0,1,0,0,1
226,4,36,0,26,1,3,3,2,3,27,3,2,1,1,1,0,0,1,0,0,1,0,0,1
227,2,48,2,110,4,4,3,2,4,27,1,2,1,2,1,0,0,0,1,0,1,0,0,1
229,4,9,2,15,1,4,3,2,3,22,3,1,1,1,1,0,0,1,0,0,1,0,0,1
230,1,24,2,31,1,2,3,1,4,22,1,1,1,1,1,0,0,1,0,0,0,0,0,1
231,3,36,2,42,1,3,3,2,3,26,3,1,1,1,1,0,0,1,0,0,1,0,0,1
232,4,9,2,25,3,5,3,4,4,51,3,1,1,1,1,1,0,1,0,0,0,0,1,0
233,4,12,2,21,2,4,3,1,4,35,3,1,1,1,1,0,0,1,0,0,1,0,0,1
234,2,18,2,9,1,3,4,2,1,25,3,1,1,1,1,0,0,0,0,0,1,0,1,0
235,4,4,4,15,1,4,3,1,1,42,3,3,2,1,1,0,0,1,0,0,1,0,1,0
236,1,24,2,18,1,1,3,2,3,30,2,1,2,1,1,0,0,1,0,0,1,0,0,0
237,2,6,2,146,5,1,3,2,2,23,3,1,1,2,1,1,0,1,0,0,1,1,0,0
238,2,21,2,28,2,5,1,2,3,61,1,2,1,1,1,0,0,1,0,1,0,0,1,0
239,4,12,4,13,1,3,2,2,2,35,3,2,1,1,1,0,0,1,0,0,1,0,0,1
241,1,24,2,9,5,5,2,2,3,29,1,1,1,1,1,1,0,1,0,0,1,0,0,1
242,4,6,2,16,1,4,3,2,2,51,3,1,2,1,1,0,0,1,0,0,1,0,0,1
244,4,12,4,12,1,3,2,2,1,27,3,2,1,1,1,0,0,1,0,0,1,0,0,1
245,4,12,1,34,3,3,2,3,1,35,3,1,2,1,1,0,0,1,0,0,1,0,1,0
246,4,24,2,13,1,4,3,1,1,25,3,1,1,2,1,0,0,1,0,0,1,0,0,1
247,4,12,4,7,1,5,3,4,1,52,3,3,1,1,1,0,0,1,0,0,1,0,0,1
248,4,6,0,12,2,3,3,1,4,35,1,1,1,1,2,1,0,1,0,1,0,0,0,1
249,3,24,2,19,1,3,3,2,1,26,3,1,1,1,1,0,0,1,0,0,1,0,0,1
250,4,18,2,4,1,1,2,4,1,22,3,1,1,1,1,0,0,0,1,1,0,0,0,1
251,1,6,4,7,4,4,2,4,1,39,3,2,1,2,1,1,0,1,0,0,1,0,1,0
252,3,12,2,23,1,3,2,2,3,46,3,1,1,1,1,0,0,1,0,0,1,0,1,0
254,4,24,3,42,2,3,3,3,2,35,3,2,1,1,1,0,0,1,0,0,1,0,0,1
255,2,9,2,20,5,4,3,1,3,24,3,1,1,2,1,0,0,1,0,0,1,0,0,1
257,4,24,4,27,1,3,3,2,1,35,3,2,1,1,1,0,0,1,0,0,1,0,1,0
258,1,12,1,21,1,3,1,1,4,29,3,1,1,1,1,0,0,1,0,0,0,0,0,1
259,4,15,2,38,2,2,2,4,3,23,3,1,1,2,1,0,1,1,0,0,1,0,0,1
260,4,11,4,12,2,1,2,4,1,57,3,3,1,1,1,0,0,1,0,0,1,0,1,0
261,1,12,2,17,1,3,3,2,1,27,3,1,1,1,1,0,0,1,0,0,1,0,0,1
262,1,24,2,16,1,5,2,4,3,55,3,1,1,1,1,0,0,1,0,0,1,0,0,1
263,1,18,4,53,1,5,3,4,4,36,3,3,1,2,1,1,0,1,0,0,0,0,0,0
264,4,12,4,27,1,5,2,4,4,57,1,3,1,1,1,0,0,1,0,0,0,0,1,0
265,4,10,4,12,1,5,3,4,1,32,3,2,2,1,2,1,0,1,0,0,1,0,1,0
266,2,15,2,8,1,5,3,3,3,37,3,1,2,1,1,0,0,1,0,0,1,0,0,1
267,4,36,4,63,5,5,3,4,1,36,3,2,1,1,1,0,0,1,0,0,1,0,0,1
268,4,24,2,15,1,2,2,3,3,38,2,1,1,2,1,0,0,1,0,0,1,0,0,1
269,1,14,2,90,1,5,1,4,2,45,3,1,1,2,2,1,0,1,0,0,1,0,0,0
270,4,24,2,10,5,5,3,2,3,25,3,2,1,1,1,0,0,1,0,0,1,0,0,1
271,4,18,2,27,5,4,3,3,2,32,3,1,1,1,2,1,0,1,0,0,1,0,0,1
272,4,12,4,14,3,4,2,4,3,37,3,1,1,2,1,0,0,1,0,1,0,0,0,1
273,2,48,1,122,5,1,3,4,4,36,3,1,1,2,1,1,0,0,1,0,0,0,0,0
274,2,48,2,31,1,4,3,4,1,28,3,2,1,1,1,0,0,1,0,0,1,0,0,1
275,1,30,2,120,1,2,1,1,4,34,3,1,1,2,1,0,0,1,0,0,1,0,1,0
276,4,9,2,27,1,3,3,2,1,32,3,1,2,1,1,0,0,1,0,0,1,0,0,1
277,4,18,4,24,1,3,2,2,3,26,3,2,1,1,1,0,0,1,0,0,1,0,0,1
278,1,12,2,13,5,5,1,4,2,49,3,1,1,2,1,0,0,1,0,0,1,0,1,0
279,4,6,2,46,1,2,2,4,2,32,3,1,1,1,1,0,0,1,0,0,1,0,0,1
280,4,24,2,19,2,3,3,4,3,29,3,1,1,2,1,0,0,1,0,1,0,0,0,0
282,4,12,2,16,1,3,3,2,1,50,3,1,1,1,1,0,0,1,0,0,1,0,0,1
283,3,18,1,14,5,4,3,4,3,49,1,1,1,1,1,0,0,1,0,0,1,0,1,0
284,4,15,4,15,5,5,3,4,2,63,3,1,1,1,1,0,0,1,0,0,1,0,0,1
287,1,48,2,48,1,4,3,3,2,26,3,1,2,1,1,0,1,1,0,0,1,0,0,1
288,2,48,3,76,2,1,3,4,4,31,3,1,1,2,1,0,0,1,0,0,0,0,0,0
291,4,12,2,11,1,3,4,2,1,26,3,1,1,2,2,0,0,1,0,0,1,0,0,1
292,2,36,2,94,1,2,4,4,3,28,3,1,1,2,1,0,1,1,0,1,0,0,0,0
293,1,24,4,64,1,5,2,4,4,44,3,2,2,2,1,0,1,1,0,0,0,0,0,0
294,3,42,4,48,1,5,3,4,4,56,3,1,1,1,1,0,1,1,0,0,0,0,0,1
295,4,48,4,76,5,5,1,2,3,46,1,2,2,1,1,0,0,1,0,0,1,0,0,0
297,4,12,2,47,5,2,2,4,3,20,3,1,1,1,1,0,1,1,0,1,0,0,0,1
298,4,10,2,13,5,5,3,2,2,45,3,1,1,1,2,1,0,0,1,0,1,0,1,0
299,4,18,2,25,1,3,3,4,1,43,3,1,1,2,1,0,0,1,0,0,1,0,0,1
300,2,21,4,27,4,4,3,2,3,32,3,2,1,2,1,0,0,1,0,0,1,0,0,1
301,4,6,2,7,1,1,2,4,1,54,3,1,1,2,1,1,0,1,0,0,1,1,0,0
303,3,24,4,13,5,4,3,2,1,37,1,2,2,1,1,1,0,1,0,0,1,0,1,0
304,1,10,4,10,1,4,3,3,2,49,3,2,1,2,1,1,0,0,1,0,1,0,0,1
305,4,48,4,101,3,3,3,2,4,44,1,1,1,1,1,1,0,1,0,0,0,0,0,1
306,4,6,2,15,4,3,1,2,1,33,3,1,1,1,1,0,0,1,0,0,1,0,0,1
307,4,30,2,48,5,4,2,4,2,24,2,1,1,1,1,0,1,1,0,1,0,0,1,0
309,2,8,2,12,1,3,2,4,1,24,3,1,1,1,1,0,0,1,0,0,1,0,0,1
310,2,9,2,3,1,3,4,4,1,22,3,1,1,1,1,1,0,1,0,1,0,0,1,0
311,2,48,2,54,5,1,3,4,4,40,1,1,1,2,1,0,0,1,0,0,0,1,0,0
312,4,24,2,55,2,3,3,1,3,25,2,1,1,1,1,0,0,1,0,0,1,0,0,1
313,3,24,2,37,1,2,2,4,3,26,3,1,1,1,1,0,0,1,0,0,1,0,0,1
314,2,12,2,7,1,4,4,3,3,25,1,1,1,1,1,1,0,1,0,0,1,0,1,0
315,3,4,2,15,5,2,3,2,1,29,3,1,2,1,2,1,0,1,0,0,1,0,1,0
316,1,36,1,27,1,5,3,4,3,31,1,1,1,1,1,0,0,1,0,0,1,0,0,1
317,1,12,2,7,1,3,3,3,2,38,3,1,2,1,1,0,0,0,0,0,1,0,1,0
319,4,12,4,7,1,3,3,2,3,32,3,2,1,1,1,0,0,1,0,0,1,0,0,1
320,1,15,3,36,1,5,2,4,2,27,3,2,1,1,1,0,0,1,0,0,1,0,1,0
321,2,30,4,42,1,1,4,2,3,28,3,2,1,1,1,1,0,1,0,0,1,0,0,0
322,1,24,2,19,1,2,1,3,2,32,3,1,1,1,1,0,0,1,0,0,1,0,0,1
323,1,24,2,29,1,4,3,1,4,34,3,1,1,2,1,0,1,1,0,0,0,0,0,0
324,1,18,2,27,4,3,3,2,3,28,3,1,1,1,1,0,0,1,0,0,1,0,0,1
325,4,18,4,10,1,3,2,3,1,36,3,2,1,1,1,1,0,1,0,0,1,0,0,1
326,1,8,4,34,1,4,3,4,1,39,3,2,1,1,2,1,0,1,0,0,1,0,1,0
327,4,12,4,58,5,5,3,4,2,49,3,1,1,2,1,0,0,1,0,1,0,0,0,1
330,2,6,2,11,1,5,3,4,3,28,3,1,2,1,1,0,0,1,0,0,1,0,0,1
331,1,24,4,66,1,1,3,4,4,75,3,2,1,2,1,0,1,1,0,0,0,0,0,0
332,4,18,4,19,2,3,2,2,1,30,3,2,1,1,1,0,0,1,0,0,1,0,0,1
333,2,60,2,74,2,2,2,2,2,24,3,1,1,1,1,1,0,1,0,0,1,0,0,0
334,4,48,4,116,2,3,2,4,3,24,1,2,1,1,1,0,1,1,0,1,0,0,1,0
335,1,24,0,41,1,5,3,4,4,23,1,2,2,1,1,0,0,1,0,1,0,0,0,1
337,2,13,2,21,1,2,2,4,2,23,3,1,1,1,1,0,0,0,0,0,1,0,1,0
338,1,15,2,13,5,3,2,2,3,24,3,1,1,1,1,0,0,1,0,1,0,0,0,1
340,2,10,2,15,1,3,1,2,3,31,3,1,1,1,1,0,0,1,0,0,1,0,1,0
341,2,24,4,57,1,2,2,4,4,24,3,2,1,2,1,0,0,1,0,0,0,0,0,1
344,2,18,2,44,1,5,3,1,1,33,1,1,1,2,1,0,0,0,1,0,1,0,0,0
345,3,10,2,39,1,2,3,1,2,37,3,1,2,1,1,1,0,0,0,0,1,0,1,0
346,4,15,4,15,1,3,2,2,3,43,3,1,1,1,1,0,0,1,0,0,1,0,1,0
347,2,13,4,9,1,2,3,4,1,23,3,2,1,1,1,0,0,0,0,0,1,0,0,1
348,2,24,2,38,3,1,2,4,4,23,3,1,1,1,1,0,0,1,0,1,0,1,0,0
351,4,9,2,12,1,2,2,4,1,23,3,1,1,2,1,0,0,1,0,1,0,0,0,1
352,2,9,2,10,1,3,2,2,3,29,3,1,1,1,2,0,0,1,0,0,1,0,0,1
353,4,18,4,32,5,1,3,4,4,38,3,1,1,2,1,0,1,1,0,0,1,0,0,0
354,1,12,0,62,1,3,3,2,2,28,3,2,1,2,1,0,0,1,0,1,0,0,0,1
355,4,10,2,7,3,5,3,4,4,46,3,1,1,2,1,0,0,1,0,0,0,0,0,1
356,2,24,2,12,1,2,3,2,1,23,2,1,1,1,1,1,0,1,0,0,1,0,1,0
357,4,12,4,23,5,5,3,4,1,49,3,1,1,2,1,0,0,0,1,0,1,0,0,1
358,4,36,3,45,1,3,3,2,3,26,3,2,1,2,1,0,0,1,0,0,1,0,0,0
359,4,12,2,8,1,3,4,2,1,28,3,1,1,1,1,0,0,1,0,0,1,0,0,1
360,1,30,2,24,1,4,2,4,1,23,3,1,1,1,1,0,0,1,0,1,0,0,0,1
361,2,18,2,12,5,3,3,4,4,61,3,1,1,1,1,0,0,1,0,0,0,0,0,1
362,3,12,2,34,5,5,3,3,3,37,3,1,1,1,1,0,0,1,0,0,1,0,0,0
364,4,6,2,18,1,3,4,2,2,21,3,1,1,1,1,0,0,1,0,1,0,0,0,1
365,1,18,2,25,1,1,3,1,3,25,3,1,1,1,1,0,0,1,0,0,1,1,0,0
366,4,12,2,15,1,4,3,4,3,36,3,1,1,2,1,0,0,1,0,0,1,0,0,1
367,4,18,4,38,1,4,3,1,3,27,3,2,1,1,1,0,1,1,0,0,1,0,0,1
368,1,18,2,36,1,2,2,4,3,22,3,1,1,1,1,0,0,1,0,1,0,0,0,1
369,1,36,2,34,1,5,3,2,3,42,3,1,2,1,1,0,0,1,0,0,1,0,0,1
370,2,18,2,30,1,4,2,4,1,40,3,1,1,1,1,0,0,1,0,1,0,0,0,1
371,4,36,2,31,5,3,3,4,1,36,3,1,1,1,1,1,0,1,0,0,1,0,0,1
374,4,60,4,138,5,5,3,4,4,63,1,1,1,2,1,1,0,1,0,0,0,0,0,0
375,2,60,1,148,2,5,2,4,4,60,1,2,1,2,1,0,0,1,0,0,0,0,0,0
377,4,18,3,23,1,1,4,3,1,34,3,2,1,1,1,0,0,1,0,0,1,0,0,1
379,2,36,2,143,1,5,3,2,4,57,3,1,1,2,1,1,0,1,0,0,0,0,0,0
382,2,18,2,130,1,1,2,4,4,38,3,1,1,2,1,0,1,1,0,0,0,0,0,0
384,3,12,2,13,1,2,3,1,1,26,3,1,1,1,1,1,0,1,0,0,1,0,0,1
385,4,30,3,43,2,3,3,2,2,26,3,2,1,1,1,0,0,1,0,0,1,0,1,0
386,4,18,4,22,1,3,2,1,3,25,3,2,1,1,1,0,0,1,0,0,1,0,0,1
388,2,18,4,74,1,1,3,4,2,40,2,2,1,2,1,0,0,1,0,0,1,0,0,0
389,2,15,4,23,3,3,3,4,3,27,1,1,1,1,1,0,0,1,0,0,1,0,0,1
390,4,9,2,14,1,4,2,2,3,27,3,2,1,1,1,0,0,1,0,0,1,0,0,1
391,4,18,2,18,1,3,4,2,2,30,3,1,1,2,1,1,0,1,0,0,1,0,0,0
393,1,36,2,32,1,4,3,4,4,39,1,1,2,2,1,1,0,1,0,0,0,0,0,0
395,4,9,4,24,1,1,3,3,3,31,3,1,1,1,1,0,0,1,0,0,1,0,0,0
397,1,12,2,26,1,1,2,4,4,55,3,1,1,1,1,0,0,1,0,0,0,0,0,0
398,1,36,4,23,1,3,4,2,2,46,3,2,1,2,1,0,0,1,0,0,1,0,0,1
399,2,12,2,12,1,5,1,1,1,46,3,2,1,1,1,1,0,1,0,1,0,0,0,1
400,4,24,4,15,4,3,2,1,1,43,3,2,1,1,1,0,0,1,0,0,1,0,1,0
401,4,18,2,15,1,2,4,4,1,39,3,1,1,2,1,0,0,1,0,0,1,0,0,1
402,2,18,4,19,5,3,4,4,1,28,1,2,1,1,1,0,0,1,0,0,1,0,0,1
403,4,24,3,86,1,2,3,2,3,27,1,2,1,2,1,0,0,1,0,0,1,0,0,1
404,4,14,3,8,1,3,3,2,3,27,3,2,1,1,1,1,0,1,0,0,1,0,1,0
405,2,18,3,29,5,5,3,4,3,43,3,1,2,1,1,1,0,1,0,0,1,0,0,1
406,2,24,2,20,1,2,4,1,2,22,3,1,1,2,1,0,0,1,0,0,1,0,0,1
407,4,24,4,22,5,4,3,4,3,43,3,2,2,2,1,0,1,1,0,0,1,0,0,1
408,1,15,2,11,1,2,4,2,1,27,3,1,1,1,2,0,0,1,0,0,1,0,0,1
409,4,24,2,32,3,5,1,2,3,26,3,1,1,2,1,0,0,1,0,0,1,0,0,0
411,2,24,2,20,1,5,2,4,3,20,3,1,1,2,1,0,0,1,0,0,1,0,0,1
412,4,33,4,73,1,4,3,2,3,35,3,2,1,2,1,0,1,1,0,0,1,0,0,0
413,4,12,4,23,1,1,3,2,3,42,2,2,1,2,1,0,0,1,0,0,1,0,0,0
415,1,24,2,14,5,3,2,2,2,35,3,1,1,1,1,1,0,1,0,0,1,0,0,1
417,1,12,2,26,1,2,3,1,1,33,3,1,2,1,1,1,0,1,0,0,1,0,1,0
418,1,18,3,85,5,3,2,2,3,23,3,2,1,2,1,0,0,1,0,1,0,0,0,1
419,4,21,2,28,3,4,2,2,3,31,1,1,1,1,1,1,0,1,0,0,1,0,0,0
421,4,15,2,32,4,4,2,3,3,20,3,1,1,1,1,1,0,1,0,1,0,0,0,1
422,2,12,2,20,5,3,3,2,3,30,3,1,1,1,1,0,1,1,0,0,1,0,0,1
423,2,12,4,10,1,4,3,3,1,47,3,2,2,1,1,1,0,1,0,0,1,0,1,0
424,4,21,3,16,2,4,3,3,1,34,3,2,1,1,1,0,0,1,0,0,1,0,0,0
428,4,18,4,11,4,3,3,3,1,46,3,2,1,1,1,0,0,1,0,0,1,0,0,1
429,4,9,2,13,1,5,3,4,3,20,3,1,1,1,1,0,0,1,0,0,1,0,0,1
430,1,18,4,12,1,1,2,4,4,55,3,3,2,1,1,0,0,1,0,0,0,1,0,0
432,2,24,2,113,1,3,3,3,3,29,1,2,1,2,1,0,0,0,1,0,1,0,0,0
433,1,6,4,19,1,1,3,4,4,36,3,3,1,2,1,0,0,1,0,0,0,0,0,0
434,4,24,4,21,1,3,1,2,1,33,3,2,1,2,1,0,0,1,0,0,1,0,0,1
435,1,9,2,21,1,3,3,2,1,25,3,1,1,1,1,0,0,1,0,0,1,0,0,1
436,2,12,2,15,5,3,4,1,1,25,3,1,1,2,1,0,0,1,0,0,1,0,0,1
437,4,6,2,7,3,4,4,4,1,23,3,1,1,1,1,0,0,1,0,1,0,0,1,0
440,3,12,1,6,1,2,2,1,1,26,3,1,1,1,1,0,0,1,0,0,1,1,0,0
441,4,12,2,19,1,5,3,4,3,39,3,1,1,2,1,1,0,1,0,0,1,0,0,0
442,1,12,2,16,1,3,2,3,2,30,3,1,1,1,1,0,0,0,1,0,1,0,0,1
443,2,20,3,26,1,3,3,3,3,29,1,2,1,2,1,0,0,1,0,0,1,0,0,1
444,4,12,2,7,1,5,3,4,3,41,1,1,2,1,1,0,0,1,0,0,1,0,1,0
445,2,48,4,51,1,3,2,3,3,30,3,1,1,2,1,0,0,1,0,0,1,0,0,0
446,4,9,4,12,5,5,2,4,2,41,3,2,1,1,1,0,0,1,0,1,0,0,1,0
447,1,36,2,18,1,2,2,4,3,34,3,1,1,2,1,1,0,1,0,0,1,0,0,1
448,2,7,2,26,1,3,3,2,1,35,3,1,1,1,1,0,0,0,0,0,1,0,0,1
450,2,15,3,15,4,3,4,3,2,61,2,2,1,1,1,0,0,1,0,0,1,0,0,1
451,4,36,4,111,5,3,3,2,3,30,3,1,1,2,1,0,1,1,0,0,1,0,0,0
452,4,6,2,5,1,3,2,1,1,29,3,1,1,1,1,0,0,1,0,0,1,0,0,1
453,4,12,0,28,1,5,3,4,2,34,3,2,1,1,1,0,0,1,0,0,1,0,0,1
454,4,24,2,27,1,5,3,4,3,35,3,1,1,2,1,0,1,1,0,0,1,0,0,0
455,1,24,2,48,1,4,3,3,2,31,3,1,1,2,1,1,0,0,1,0,1,0,0,1
456,4,24,2,27,1,2,2,1,4,29,3,1,1,2,1,0,1,1,0,0,1,0,0,0
457,1,11,4,39,1,3,3,2,1,36,3,2,2,1,1,1,0,1,0,1,0,0,0,1
459,1,6,2,3,1,2,2,1,1,27,3,1,1,1,1,0,0,1,0,0,1,0,0,1
460,4,18,2,46,1,2,3,2,3,32,3,1,1,2,1,0,0,1,0,0,1,0,0,1
461,1,36,2,36,1,3,3,2,2,37,3,1,2,1,1,0,0,0,0,0,1,0,0,1
462,1,15,2,17,1,2,3,3,1,36,3,1,1,1,1,1,0,1,0,0,1,0,0,1
463,2,12,2,30,1,2,2,1,1,34,3,1,1,1,1,0,0,1,0,1,0,0,0,0
465,4,18,2,20,1,4,3,1,3,34,2,2,1,2,1,0,0,1,0,0,1,0,0,1
466,1,24,2,29,1,3,3,4,4,63,1,1,2,2,1,0,1,0,0,0,1,0,0,1
468,4,48,3,72,5,5,3,3,3,32,1,2,2,1,1,0,0,1,0,0,1,0,0,1
471,2,24,2,31,2,2,4,2,3,22,3,1,1,2,1,0,0,1,0,1,0,0,0,1
472,1,6,2,4,1,2,2,4,2,23,3,1,1,1,1,0,0,1,0,0,1,0,0,1
473,1,9,2,7,1,3,3,3,3,28,3,1,1,1,1,1,0,1,0,0,1,0,1,0
474,4,6,2,12,5,1,3,4,2,36,3,1,2,2,1,0,0,1,0,0,1,0,0,0
475,2,18,4,12,1,3,4,2,3,33,3,1,1,1,1,0,0,1,0,0,1,0,0,1
476,1,18,0,31,1,2,2,4,2,26,3,1,1,1,1,0,0,1,0,1,0,0,0,1
477,4,39,2,26,3,3,3,4,3,24,3,1,1,1,1,0,1,1,0,0,1,0,0,1
478,3,24,2,52,1,4,3,2,3,25,1,1,1,1,1,0,0,1,0,0,1,0,0,1
479,2,12,2,10,2,4,3,4,1,39,3,1,1,1,1,0,0,1,0,0,1,0,1,0
480,1,15,4,15,1,5,3,4,3,44,3,2,2,2,1,0,0,1,0,0,1,0,0,1
481,2,12,4,36,1,3,2,1,1,23,3,1,1,1,1,0,0,1,0,0,1,0,1,0
482,2,24,2,12,1,2,3,1,2,26,3,1,1,1,1,1,0,1,0,0,1,0,0,1
483,1,30,2,36,4,5,2,4,2,57,3,2,1,2,1,0,0,1,0,1,0,0,0,1
485,4,12,4,12,3,3,3,4,1,44,3,1,1,2,1,1,0,1,0,0,1,0,0,1
487,4,12,2,31,1,3,3,4,3,52,3,1,1,2,1,0,0,1,0,0,1,0,0,1
489,4,10,2,14,2,3,3,2,1,35,3,1,1,1,2,1,0,1,0,1,0,0,1,0
490,4,6,2,35,1,3,3,3,2,26,3,1,1,1,1,1,0,0,0,1,0,0,0,1
492,2,27,0,83,1,5,2,4,4,42,3,2,1,2,1,0,0,1,0,0,0,0,0,0
493,4,6,4,12,2,3,2,1,2,27,3,2,1,1,1,0,0,1,0,0,1,0,0,1
494,2,6,2,4,5,5,3,4,2,38,3,1,1,1,1,0,0,1,0,0,1,0,0,1
495,1,12,4,21,1,3,3,2,1,39,3,2,2,1,2,1,0,1,0,1,0,0,1,0
496,1,24,2,30,5,3,4,4,3,20,3,1,1,1,1,0,0,1,0,0,1,0,0,1
497,2,36,2,90,2,2,3,1,4,29,3,1,1,2,1,0,0,0,1,1,0,0,0,0
498,4,24,4,16,1,4,3,3,2,40,3,2,1,1,1,0,0,1,0,0,1,0,0,1
499,2,18,2,13,1,5,4,2,1,32,3,1,1,1,1,0,0,0,0,0,1,0,1,0
500,3,6,4,13,2,5,1,4,3,28,3,2,2,2,1,1,0,1,0,0,1,0,0,1
501,1,24,2,31,1,2,2,1,2,27,3,1,1,1,1,1,0,1,0,0,1,0,0,1
502,1,36,2,55,1,5,3,4,4,42,3,1,2,1,1,0,1,1,0,0,0,0,0,1
503,3,9,2,11,2,5,1,4,1,49,3,1,1,1,1,0,0,1,0,0,1,0,0,1
505,1,24,2,12,1,2,2,4,2,24,3,1,1,1,1,1,0,1,0,1,0,0,0,1
506,4,10,2,13,5,3,3,4,2,27,3,1,1,1,1,1,0,0,0,0,1,0,1,0
507,3,15,4,24,3,3,3,2,3,36,3,1,1,2,1,0,1,1,0,0,1,0,0,1
508,2,15,1,68,2,1,3,2,2,34,3,1,2,2,1,1,0,1,0,0,1,0,0,0
509,4,24,2,14,1,3,4,2,2,28,3,1,1,1,1,0,0,1,0,0,1,0,0,1
510,4,39,2,86,2,5,3,2,3,45,3,1,1,2,1,0,1,1,0,0,1,0,0,0
511,1,12,2,8,1,4,3,2,1,26,3,1,1,1,1,1,0,1,0,0,1,0,0,1
512,4,36,2,47,1,3,3,2,4,32,3,1,1,2,1,0,1,1,0,0,0,0,0,0
513,3,15,2,27,1,4,3,4,2,26,3,1,1,2,1,0,0,1,0,1,0,0,0,1
514,2,12,3,6,1,3,4,4,1,20,3,2,1,1,1,0,0,0,1,1,0,0,0,1
515,4,24,2,23,5,2,3,1,2,54,3,1,1,1,1,1,0,1,0,0,1,0,0,1
517,1,6,4,14,1,2,3,4,1,40,3,1,2,1,2,1,0,1,0,0,1,0,1,0
518,4,36,4,71,1,2,2,4,2,23,3,2,1,2,1,0,0,1,0,1,0,0,0,1
519,1,6,2,12,2,5,3,2,2,43,3,1,1,2,1,1,0,1,0,0,1,0,0,1
520,4,6,4,7,5,5,3,4,4,36,3,2,1,1,1,0,0,1,0,0,0,0,0,1
521,4,24,4,55,1,5,3,4,4,44,3,2,1,1,1,0,0,1,0,0,0,0,0,1
523,1,48,0,71,1,3,3,4,4,53,3,2,2,1,1,0,0,1,0,0,0,0,0,1
526,2,26,2,80,1,2,3,3,3,30,3,2,1,1,1,0,1,1,0,0,1,0,0,1
527,4,15,4,15,2,3,2,3,3,31,3,1,1,1,1,0,0,1,0,0,1,0,0,1
529,1,36,2,23,1,3,1,4,3,31,3,1,1,1,1,0,0,1,0,1,0,0,0,1
530,1,6,2,7,1,2,3,4,1,41,3,1,2,2,1,1,0,1,0,0,1,0,1,0
531,2,36,2,23,1,4,3,1,3,32,3,2,2,1,1,0,0,1,0,0,1,0,0,1
532,2,15,2,26,2,3,2,4,3,28,3,2,1,2,1,1,0,1,0,1,0,0,0,1
533,4,12,3,15,1,3,4,4,1,41,3,1,1,1,1,0,1,1,0,1,0,0,0,1
534,4,24,2,13,2,4,4,3,2,26,3,1,1,2,1,0,0,1,0,0,1,0,0,1
535,4,24,2,31,5,2,3,2,3,25,3,2,1,1,1,0,0,1,0,0,1,0,0,1
537,1,6,2,14,5,1,2,3,2,75,3,1,1,2,1,1,0,1,0,0,1,0,0,0
540,3,18,2,30,1,2,2,1,2,45,2,1,1,1,1,0,0,1,0,0,1,0,1,0
542,4,24,3,20,1,5,3,4,4,60,3,2,1,2,1,1,0,1,0,0,0,0,0,1
544,3,18,2,29,1,3,3,1,1,34,3,1,2,1,1,0,0,1,0,0,1,0,1,0
545,4,12,4,13,1,5,3,4,1,61,3,2,1,1,1,1,0,1,0,0,1,0,1,0
546,1,24,3,13,1,1,3,2,1,43,3,2,2,1,1,1,0,1,0,0,0,0,0,1
547,4,24,4,20,1,3,2,4,3,37,3,1,1,2,1,1,0,1,0,0,1,0,0,1
549,1,12,1,6,1,3,2,4,1,24,1,1,1,1,1,0,0,1,0,0,1,0,1,0
550,4,48,4,89,5,4,3,1,4,35,3,2,1,2,1,0,1,1,0,0,0,0,0,1
551,4,12,4,10,5,4,2,4,1,23,3,2,1,1,1,0,0,1,0,0,1,0,0,1
552,4,6,1,18,3,5,3,4,2,45,1,1,2,1,1,0,0,1,0,0,1,0,1,0
553,1,48,2,70,1,4,4,1,1,34,3,2,1,2,1,0,0,0,0,0,1,0,0,1
554,2,12,4,20,2,2,3,1,3,27,3,1,1,1,1,1,0,1,0,0,1,0,0,1
555,2,9,2,12,1,4,2,4,2,67,3,2,1,2,1,0,0,1,0,0,1,0,0,0
556,2,12,2,13,1,2,3,1,3,22,2,1,1,1,1,0,0,1,0,0,1,0,0,1
557,2,18,0,23,2,2,2,3,3,28,3,2,1,1,1,1,0,1,0,0,1,0,0,1
558,4,21,0,50,5,3,2,4,2,29,1,2,1,2,1,1,0,1,0,0,1,0,0,1
559,1,24,1,36,1,4,3,4,3,27,1,1,1,1,1,0,0,1,0,0,1,0,0,1
560,2,18,4,19,1,2,3,2,1,31,3,2,1,1,1,0,0,1,0,0,1,0,1,0
561,1,24,2,30,5,5,3,4,4,49,1,1,2,2,1,0,1,1,0,0,0,0,0,1
562,1,24,1,15,1,4,3,4,3,24,1,1,1,1,1,0,0,0,0,1,0,0,1,0
563,3,6,3,7,1,2,2,1,2,29,1,1,1,1,1,0,0,1,0,0,1,0,0,1
564,2,36,2,124,5,3,3,4,4,37,3,1,1,2,1,1,0,1,0,0,0,0,0,1
565,2,24,3,47,5,3,3,2,2,37,1,2,1,2,1,0,0,1,0,0,1,0,0,0
566,2,24,3,16,2,4,2,2,2,23,3,2,1,2,1,0,0,1,0,1,0,0,0,1
567,1,12,2,14,1,4,1,3,3,36,3,1,1,1,1,1,0,1,0,0,1,0,0,1
568,4,24,4,26,4,5,3,2,3,34,3,1,1,1,1,0,0,1,0,0,1,0,0,1
570,1,48,2,68,1,3,2,2,3,31,3,1,1,2,1,0,0,1,0,0,1,0,0,1
571,1,24,2,32,1,2,2,4,1,23,3,1,1,2,1,0,0,1,0,1,0,0,1,0
573,4,24,2,54,5,1,2,4,2,26,3,1,1,2,1,0,1,1,0,1,0,0,0,0
574,1,15,2,8,1,3,2,4,2,22,3,1,1,1,1,0,0,1,0,0,1,0,1,0
575,2,9,2,11,1,5,3,4,3,27,3,2,1,1,1,0,0,1,0,0,1,0,1,0
576,4,15,4,28,1,4,2,3,3,24,1,2,1,1,1,0,0,0,1,0,1,0,0,1
577,2,12,2,29,1,4,2,1,1,27,3,1,1,1,1,0,0,1,0,0,1,0,0,1
578,4,24,4,19,5,3,2,2,3,33,3,2,1,2,1,0,0,1,0,0,1,0,0,1
579,2,36,4,28,1,2,1,4,3,27,3,2,1,1,1,1,0,1,0,0,1,0,0,1
580,4,24,2,9,1,2,4,3,3,27,3,2,1,1,1,0,0,1,0,0,1,0,1,0
581,2,18,4,11,1,5,3,3,1,30,1,2,1,1,1,1,0,0,0,0,1,0,0,1
582,2,12,4,31,1,2,3,3,1,49,1,2,2,1,1,1,0,1,0,0,1,0,1,0
584,2,36,2,24,1,2,3,1,4,33,3,1,1,1,1,0,0,1,0,1,0,0,1,0
586,1,18,2,20,1,3,2,4,1,20,1,1,1,1,1,0,0,1,0,1,0,0,0,1
587,1,9,4,28,1,3,3,2,1,36,3,2,2,1,1,1,0,1,0,1,0,0,0,1
588,1,12,2,13,1,3,3,1,2,21,3,1,1,1,1,0,0,0,0,0,1,0,1,0
589,1,18,2,12,1,3,4,3,1,47,3,1,1,2,1,0,0,1,0,0,1,0,1,0
590,1,12,4,22,1,5,3,3,2,60,3,2,1,1,1,0,0,1,0,0,1,0,0,1
593,4,21,2,16,4,5,2,4,1,36,1,1,1,1,1,0,0,1,0,0,1,0,1,0
594,2,24,2,27,1,3,2,4,2,20,3,1,1,2,1,1,0,1,0,1,0,0,1,0
595,1,24,1,14,5,5,3,3,3,40,2,1,1,2,1,0,0,1,0,0,1,0,0,0
596,2,6,1,9,2,2,2,1,2,32,2,1,1,1,1,1,0,1,0,0,1,0,1,0
598,2,24,0,42,1,3,3,4,1,36,3,3,1,2,1,0,0,1,0,0,1,0,1,0
599,4,18,4,28,1,4,3,2,2,31,1,2,1,1,1,1,0,1,0,0,1,0,0,1
600,4,24,3,39,1,3,3,2,4,32,3,1,1,1,1,0,0,1,0,0,0,0,0,1
601,2,7,2,23,1,2,2,1,1,45,3,1,1,1,1,0,0,0,0,0,1,0,0,1
602,2,9,2,9,1,3,2,1,2,30,3,1,1,1,1,0,0,1,0,0,1,0,0,1
603,2,24,1,18,1,4,2,4,4,34,1,1,1,1,1,0,0,1,0,0,0,0,1,0
605,3,10,2,13,1,2,2,2,2,23,3,1,1,1,1,0,0,1,0,0,1,0,0,1
606,1,24,1,28,3,3,3,4,1,22,2,1,1,2,1,0,0,1,0,0,1,0,0,1
607,4,24,4,45,1,3,3,2,1,74,3,1,1,2,1,0,0,1,0,0,1,0,0,0
609,4,18,2,21,1,2,3,1,1,33,3,1,1,1,1,0,0,1,0,0,1,0,0,1
613,1,21,2,34,4,2,2,2,3,29,1,1,1,1,1,0,0,1,0,0,1,0,0,1
614,1,24,1,36,1,3,2,4,3,22,1,1,1,1,2,0,1,0,0,1,0,0,0,1
615,4,18,3,18,1,4,2,1,1,22,3,1,1,1,1,0,0,1,0,0,1,0,0,1
616,2,48,0,122,5,3,3,2,3,48,1,1,1,2,1,0,0,1,0,0,1,0,0,0
617,2,60,3,92,5,3,3,2,4,27,3,1,1,1,1,0,0,1,0,0,0,0,0,0
618,1,6,4,37,1,3,3,3,1,37,3,3,2,1,1,1,0,1,0,1,0,0,0,1
619,2,30,2,34,2,3,2,4,3,21,3,1,1,1,1,0,0,0,1,1,0,0,0,1
620,4,12,2,6,1,3,1,2,1,49,3,1,1,1,1,1,0,1,0,0,1,0,1,0
621,2,21,4,37,1,4,3,3,2,27,3,2,1,1,1,0,0,1,0,0,1,0,0,1
622,4,18,4,15,1,3,3,2,2,32,1,2,1,1,1,1,0,1,0,0,1,0,0,1
623,4,48,2,39,5,3,1,2,1,38,1,1,1,1,1,0,0,1,0,0,1,0,0,1
624,1,12,2,19,1,2,2,1,3,22,3,1,1,1,1,0,0,1,0,1,0,0,0,1
625,1,18,2,26,1,3,3,4,4,65,3,2,1,1,1,0,0,1,0,0,0,0,0,1
626,4,15,2,20,5,5,3,2,3,35,3,1,1,1,1,0,0,1,0,0,1,0,0,1
627,3,6,2,21,1,3,3,2,1,41,3,1,1,2,1,0,0,1,0,0,1,0,0,1
628,2,9,1,14,2,4,3,3,4,29,3,1,1,1,1,1,0,1,0,0,1,0,0,1
629,4,42,4,40,3,3,3,4,1,36,3,2,1,2,1,0,0,1,0,0,1,0,0,1
630,4,9,2,38,5,5,3,4,1,64,3,1,1,1,1,0,0,1,0,0,1,0,1,0
632,1,18,1,16,1,3,3,3,3,44,1,1,1,1,1,0,0,1,0,0,1,0,0,1
634,4,9,2,20,1,2,2,2,3,19,3,2,1,1,1,0,0,0,1,1,0,0,0,1
635,2,24,2,14,1,2,2,4,3,25,3,1,1,2,1,1,0,1,0,0,1,0,1,0
636,4,12,2,14,1,5,3,4,2,47,1,3,2,2,1,0,0,1,0,0,1,0,0,1
637,4,24,2,14,3,4,2,1,3,28,3,1,1,1,1,0,0,1,0,0,1,0,0,1
638,4,60,3,157,1,4,3,4,3,21,3,2,1,2,1,0,0,1,0,0,1,0,0,1
639,4,12,2,15,1,2,2,3,3,34,3,1,2,1,1,0,0,1,0,0,1,0,0,1
640,1,42,3,44,1,4,3,2,2,26,1,2,2,2,1,0,0,1,0,0,1,0,0,1
641,1,18,2,8,1,1,2,1,1,27,3,1,1,1,1,0,0,1,0,0,1,1,0,0
642,2,15,2,13,1,5,3,4,3,38,3,2,1,1,1,0,0,1,0,0,1,0,1,0
643,4,15,2,46,2,3,3,2,2,40,3,1,1,2,1,0,0,1,0,0,1,0,0,0
644,4,24,4,19,1,4,4,2,3,33,3,2,1,2,1,0,0,0,0,0,1,0,0,1
645,1,18,4,19,1,4,4,1,2,32,3,2,1,2,1,0,0,1,0,0,1,0,0,0
646,4,36,3,80,5,2,3,4,3,27,3,2,1,2,1,0,0,1,0,1,0,0,0,1
647,1,30,0,46,1,3,1,2,1,32,3,2,1,1,1,0,0,0,0,0,1,0,0,1
649,3,24,2,9,1,4,3,3,4,38,1,1,2,1,1,1,0,1,0,0,0,0,0,1
652,2,12,2,19,1,3,3,2,2,37,3,1,1,1,1,0,0,1,0,0,1,0,1,0
653,1,24,2,23,1,5,3,1,1,45,3,1,1,1,1,1,0,0,1,0,1,0,0,1
654,2,36,3,81,2,5,3,4,3,42,3,4,1,2,1,1,0,1,0,0,1,0,0,0
655,4,24,4,23,1,4,3,3,3,35,3,2,1,2,1,0,1,1,0,0,1,0,0,1
656,1,14,2,40,1,1,3,4,4,22,3,1,1,1,1,1,0,1,0,0,0,0,0,1
657,2,12,2,9,1,5,3,4,3,41,1,1,2,1,1,1,0,1,0,0,1,0,1,0
658,4,48,2,102,5,4,3,3,3,37,2,1,1,2,1,0,0,1,0,0,1,0,0,1
661,3,12,2,13,1,3,4,4,1,23,3,1,1,1,1,0,0,1,0,1,0,0,0,1
662,1,12,2,9,5,3,4,2,3,23,3,1,1,1,1,1,0,1,0,0,1,0,0,1
663,4,21,2,22,1,5,3,2,1,50,3,2,1,1,1,0,0,1,0,0,1,0,0,1
664,2,6,3,10,1,1,3,1,2,35,2,2,1,2,1,0,0,1,0,0,1,0,0,0
665,3,6,4,10,1,3,2,4,2,50,3,1,1,1,1,0,0,1,0,0,1,0,1,0
666,4,24,4,63,1,1,3,2,4,27,1,2,1,2,1,0,0,0,1,0,1,0,0,0
667,2,30,1,35,4,3,3,2,3,34,2,1,2,2,1,0,0,1,0,0,1,0,0,1
668,4,48,1,36,1,3,2,1,1,27,2,1,1,1,1,0,0,1,0,0,1,0,0,1
669,1,12,4,48,1,5,3,4,2,43,3,2,1,2,1,1,0,0,1,1,0,0,0,1
670,3,30,4,30,1,5,3,4,2,47,3,1,1,1,1,0,0,1,0,0,1,0,0,1
672,4,36,2,57,2,4,3,2,3,31,3,2,1,2,1,0,0,1,0,0,1,0,0,1
673,4,60,2,104,1,5,3,4,2,42,3,1,1,2,1,1,0,1,0,0,1,0,0,0
674,4,6,4,21,3,3,4,2,3,24,3,1,1,1,1,1,0,1,0,0,1,0,0,1
675,4,21,3,26,3,2,3,2,1,41,1,1,2,1,1,0,0,1,0,0,1,0,1,0
676,4,30,4,45,1,4,2,4,3,26,3,1,1,2,1,0,0,1,0,1,0,0,0,0
677,4,24,4,52,1,5,3,4,3,33,3,1,1,2,1,0,0,1,0,0,1,0,0,1
678,2,72,2,56,2,3,4,2,3,24,3,1,1,1,1,0,0,1,0,0,1,0,0,1
679,1,24,2,24,1,5,3,4,1,64,1,1,1,1,1,0,0,1,0,1,0,0,1,0
680,4,18,2,15,1,2,2,1,1,26,3,1,1,1,1,0,0,1,0,0,1,0,0,1
681,4,6,2,15,1,2,2,2,4,56,3,1,1,1,1,0,0,1,0,0,1,0,0,1
682,4,12,2,23,5,3,3,4,4,37,3,1,1,2,1,0,0,1,0,0,0,0,0,1
683,4,15,3,15,1,3,4,3,1,33,1,2,1,1,1,0,0,1,0,0,1,0,0,1
685,2,36,3,99,2,4,3,3,2,31,3,2,2,2,1,0,0,1,0,0,1,0,1,0
686,4,60,2,65,5,3,3,4,4,34,3,1,2,2,1,1,0,1,0,0,0,0,0,1
687,3,10,4,13,5,4,3,2,2,27,3,2,1,2,1,0,0,1,0,0,1,0,0,1
689,4,9,2,28,2,5,3,4,3,35,3,1,1,2,1,0,0,0,1,0,1,0,0,1
690,1,12,2,37,4,3,3,3,2,31,3,1,2,1,1,1,0,1,0,0,1,0,0,1
691,1,15,4,10,1,3,1,3,2,25,3,2,1,1,1,0,0,1,0,0,1,0,0,1
692,2,15,2,26,2,3,2,2,1,25,3,1,1,1,1,0,0,1,0,0,1,0,1,0
693,2,24,2,29,2,2,3,1,3,29,3,1,1,1,1,0,0,1,0,0,1,0,0,1
694,1,6,4,47,5,2,3,3,1,44,3,2,2,1,1,1,0,1,0,0,1,0,1,0
695,4,24,2,23,1,4,3,2,3,28,3,1,1,2,1,0,0,1,0,0,1,0,0,1
697,2,12,2,11,1,4,3,3,1,29,3,2,1,1,2,0,0,0,0,0,1,0,0,1
698,4,12,4,9,1,1,2,2,2,38,3,1,1,1,1,1,0,1,0,0,1,1,0,0
699,4,18,4,18,1,3,3,2,3,24,3,2,1,1,1,0,0,1,0,0,1,0,0,1
700,3,15,2,19,1,5,3,4,3,40,3,1,1,2,1,0,0,1,0,1,0,0,0,0
701,4,12,2,11,3,3,2,4,3,29,3,1,1,1,1,0,0,1,0,1,0,0,1,0
702,1,48,4,63,1,5,3,4,4,46,3,2,1,2,1,0,1,1,0,0,0,0,0,1
703,3,24,2,14,2,5,2,2,4,47,3,1,1,2,1,0,0,1,0,0,0,0,0,1
704,2,30,3,25,2,5,3,2,2,41,2,2,1,1,1,0,0,1,0,0,1,0,0,1
705,2,27,2,25,1,2,2,1,2,32,3,1,2,2,1,0,0,1,0,0,1,0,0,1
706,4,15,2,53,3,5,2,4,4,35,3,1,1,1,1,1,0,1,0,0,0,0,0,1
707,2,48,2,66,2,4,3,2,2,24,3,1,1,1,1,1,0,1,0,0,1,0,0,1
708,2,12,0,30,1,2,2,3,2,25,3,2,1,1,1,0,0,1,0,1,0,0,0,1
709,2,9,2,12,1,5,2,4,1,25,3,1,1,1,1,0,0,1,0,0,1,0,0,1
710,2,9,2,21,1,3,3,2,1,37,3,1,2,1,1,0,0,1,0,0,1,0,1,0
713,4,21,2,25,5,5,3,4,1,46,3,1,1,2,1,0,1,1,0,0,1,0,0,0
714,1,9,4,11,1,3,3,4,1,25,3,2,1,1,1,0,0,1,0,0,1,0,1,0
715,2,60,2,140,1,4,3,2,4,27,3,1,1,2,1,1,0,1,0,0,1,0,0,0
716,4,30,4,76,5,5,3,4,3,63,3,2,1,1,1,0,1,1,0,0,1,0,0,1
717,4,30,4,31,5,5,3,2,3,40,3,2,2,2,1,0,0,1,0,0,1,0,0,1
718,4,18,2,15,1,3,3,2,4,32,3,1,1,2,1,0,0,1,0,0,0,0,0,0
720,2,20,0,61,2,5,4,4,3,31,1,2,1,2,1,0,1,1,0,0,1,0,0,1
721,3,9,0,13,1,2,3,2,3,34,3,2,1,2,1,0,0,1,0,0,1,0,0,0
722,2,6,1,4,4,2,2,2,2,24,1,1,2,1,1,0,0,1,0,1,0,0,0,1
724,2,9,2,8,3,3,2,3,1,66,3,1,1,1,1,0,0,1,0,0,1,0,1,0
725,4,27,2,26,1,3,2,3,1,21,3,1,1,1,1,1,0,1,0,1,0,0,0,1
726,4,6,4,2,4,3,2,2,1,41,1,2,1,1,1,1,0,1,0,0,1,0,1,0
727,4,15,4,13,3,3,4,2,2,47,3,2,1,1,1,0,0,1,0,0,1,0,1,0
728,1,18,2,19,1,3,2,4,3,25,1,2,1,1,1,0,0,1,0,1,0,0,0,1
729,2,48,1,64,1,5,2,3,4,59,3,1,1,1,1,0,0,1,0,1,0,0,0,1
730,3,24,4,13,4,3,1,4,1,36,3,2,1,2,1,0,0,1,0,0,1,0,0,1
731,2,24,3,64,1,2,3,2,3,33,3,1,1,1,1,0,0,1,0,0,1,0,0,1
732,1,24,2,20,1,3,3,4,1,21,3,1,2,1,1,0,0,1,0,1,0,0,1,0
733,2,8,2,8,1,4,2,2,1,44,3,1,1,1,1,0,0,0,0,0,1,0,1,0
734,4,24,2,26,4,3,2,4,3,28,3,1,1,2,1,0,1,1,0,1,0,0,0,1
736,2,36,1,40,5,2,2,2,4,29,1,1,1,1,1,0,0,1,0,0,1,1,0,0
738,1,18,2,44,2,3,3,4,3,35,3,1,2,2,1,1,0,1,0,0,1,0,1,0
739,4,6,4,68,1,4,3,3,4,45,3,2,2,2,1,1,0,1,0,0,1,0,0,0
741,1,24,1,23,2,4,3,3,3,32,1,1,1,1,1,1,0,1,0,0,1,0,0,1
742,2,10,1,10,1,3,3,4,1,23,2,1,1,1,1,0,0,1,0,0,1,0,1,0
744,1,24,1,25,3,3,3,4,1,22,2,1,1,2,1,0,0,1,0,0,1,0,0,1
745,1,39,4,142,5,4,3,4,2,30,3,2,1,2,1,0,0,1,0,0,1,0,0,0
746,1,13,4,18,1,2,3,1,2,28,1,2,1,1,1,0,0,1,0,0,1,0,1,0
747,1,15,2,25,1,1,2,4,3,23,3,1,1,1,1,1,0,1,0,1,0,0,0,1
748,1,12,2,13,1,2,2,1,1,37,3,1,1,1,1,1,0,1,0,0,1,0,1,0
750,4,15,2,30,1,4,3,2,3,33,3,1,1,1,1,0,1,1,0,0,1,0,0,1
751,1,6,2,4,1,5,2,1,2,49,1,1,1,2,1,0,0,1,0,0,1,0,0,1
752,1,18,2,10,1,2,2,2,3,23,3,1,1,1,1,1,0,1,0,0,1,0,1,0
753,2,12,2,8,2,4,2,4,1,23,3,1,1,1,1,0,0,1,0,1,0,0,1,0
754,4,30,4,58,1,4,2,2,3,25,3,2,1,1,1,0,0,1,0,0,1,0,0,1
756,1,24,2,13,5,4,2,4,4,32,3,1,1,1,1,1,0,1,0,1,0,0,0,1
757,3,6,4,13,1,3,3,1,1,74,3,3,2,1,2,1,0,1,0,0,1,1,0,0
758,3,15,4,13,5,3,3,4,4,39,3,2,1,2,1,0,0,1,0,0,0,0,0,1
759,4,24,2,14,1,3,3,2,1,31,3,1,1,2,1,1,0,0,0,0,1,0,0,1
760,1,12,4,7,1,5,3,3,2,35,3,2,1,1,1,1,0,1,0,0,1,0,0,1
762,1,18,4,21,1,3,2,4,1,24,3,2,1,1,1,0,0,1,0,1,0,0,0,1
763,1,12,2,22,1,3,3,3,2,24,3,1,1,1,1,0,0,1,0,0,1,0,1,0
765,4,24,4,25,2,4,4,3,2,27,3,2,1,2,1,1,0,1,0,0,1,0,0,1
766,2,12,2,12,1,5,4,3,1,40,1,2,1,1,1,0,0,0,0,0,1,0,1,0
767,1,30,2,31,1,2,1,4,2,31,3,1,1,1,1,0,0,1,0,0,1,0,1,0
768,4,10,2,29,5,2,2,4,1,31,3,1,1,1,1,0,1,1,0,1,0,0,0,1
769,2,12,4,36,1,5,3,4,3,28,3,3,1,2,1,0,0,1,0,1,0,0,0,1
770,4,12,4,17,1,5,3,4,1,63,3,2,1,2,1,0,0,1,0,0,1,0,1,0
771,1,24,2,28,5,5,2,4,1,26,3,1,1,1,1,0,1,1,0,1,0,0,0,1
772,1,36,4,81,1,3,2,2,4,25,3,2,1,2,1,0,0,1,0,0,1,0,0,0
774,4,24,4,22,2,5,3,4,2,52,1,2,1,1,1,0,0,1,0,0,1,0,0,1
775,3,12,4,15,3,1,3,4,4,66,1,3,1,1,1,1,0,1,0,0,0,1,0,0
777,4,36,4,35,1,4,3,4,3,37,3,2,1,2,1,1,0,1,0,0,1,0,0,1
778,1,18,2,35,1,4,2,1,1,25,3,1,1,1,1,0,0,0,0,0,1,0,0,1
780,2,18,2,39,1,1,2,4,3,67,3,1,1,2,1,0,0,1,0,0,1,0,0,1
782,4,24,4,19,4,5,3,4,1,60,3,1,1,2,1,1,0,1,0,0,1,0,0,1
783,2,12,0,14,1,3,3,2,1,31,3,1,1,2,1,0,0,1,0,0,1,0,1,0
784,2,12,2,8,2,2,2,2,2,23,1,1,1,1,1,1,0,1,0,0,1,0,1,0
785,2,20,2,65,5,1,1,4,1,60,3,1,1,2,1,0,1,1,0,0,1,0,0,0
786,2,18,2,19,4,3,3,2,2,35,3,1,1,2,1,0,0,1,0,0,1,0,1,0
787,4,22,2,27,3,5,3,4,3,40,3,1,1,1,1,0,0,1,0,0,1,0,0,1
788,4,48,4,28,5,5,3,3,3,38,3,2,2,2,1,0,1,1,0,0,1,0,0,1
789,2,48,3,62,1,5,3,4,4,50,3,1,1,1,1,0,0,1,0,0,0,0,0,1
790,1,40,4,60,1,3,3,3,4,27,1,1,1,2,1,0,0,1,0,0,1,0,0,1
791,2,21,2,12,1,5,2,4,2,39,3,1,2,1,1,0,0,1,0,0,1,0,0,1
792,4,24,2,63,5,5,3,4,3,41,3,1,2,2,1,0,1,1,0,0,1,0,0,0
794,3,24,2,29,1,5,1,4,4,51,3,1,1,1,1,0,0,1,0,0,0,0,0,1
795,4,24,2,31,3,5,3,3,4,32,3,1,1,2,1,0,0,1,0,1,0,0,0,1
796,4,9,2,23,2,2,2,4,2,22,3,1,1,1,1,0,0,1,0,1,0,0,0,1
797,1,18,2,75,5,5,3,4,2,51,3,1,2,2,1,0,1,1,0,0,0,0,0,1
798,4,12,4,13,1,2,2,4,2,22,3,2,1,1,1,0,0,1,0,1,0,0,1,0
800,2,9,2,15,5,2,3,2,1,35,3,1,1,1,1,1,0,1,0,0,1,1,0,0
801,4,24,4,16,1,5,3,4,4,54,3,2,2,1,1,0,0,1,0,0,0,0,0,1
802,2,18,4,18,1,5,2,4,1,48,1,2,1,2,1,0,0,0,0,1,0,0,1,0
803,1,20,4,43,1,5,2,4,2,24,3,2,1,1,1,0,0,1,0,0,1,0,0,1
805,2,12,2,75,5,1,2,2,1,24,3,1,1,1,1,1,0,1,0,1,0,1,0,0
809,2,42,1,93,1,1,3,2,4,55,1,1,1,2,1,0,1,1,0,0,0,0,0,0
811,2,8,2,9,1,2,4,2,1,26,3,1,1,2,1,0,0,1,0,0,1,0,0,1
813,1,36,4,96,1,4,3,4,3,24,3,2,1,2,1,0,1,1,0,0,1,0,0,1
814,1,48,2,31,1,3,3,4,3,54,3,1,1,1,1,0,0,1,0,0,1,0,0,1
815,1,48,2,39,1,4,3,4,4,46,3,1,2,1,1,1,0,1,0,0,0,0,0,1
817,4,6,2,13,3,3,1,4,1,62,3,1,1,1,1,0,0,1,0,0,1,0,0,1
818,4,6,4,16,1,4,2,2,3,24,3,2,1,2,1,0,0,1,0,1,0,0,0,1
819,1,36,2,159,1,1,1,3,3,43,3,1,1,1,1,0,0,0,1,0,1,0,0,0
820,1,18,2,13,1,3,4,3,1,26,1,1,1,1,1,0,0,1,0,0,1,0,0,1
821,4,12,2,11,1,3,4,2,1,27,3,2,1,2,1,1,0,1,0,0,1,0,0,1
822,3,12,2,30,1,3,4,1,3,24,3,1,1,1,1,0,0,1,0,0,1,0,0,1
823,1,36,2,27,1,5,3,2,2,41,1,1,2,1,1,0,0,1,0,0,1,0,0,1
824,1,8,4,7,1,5,3,4,1,47,3,2,1,1,1,1,0,1,0,0,1,0,1,0
825,4,18,4,38,1,2,1,2,3,35,3,2,1,2,1,0,0,1,0,0,1,0,0,0
826,1,21,4,16,1,5,4,3,3,30,3,2,1,2,1,1,0,1,0,0,1,0,0,1
827,1,18,4,40,1,5,2,4,1,33,1,3,1,2,1,1,0,1,0,1,0,0,0,1
828,4,18,0,42,1,3,3,2,3,36,2,2,2,1,1,0,0,1,0,0,1,0,0,1
829,1,36,2,83,5,5,3,4,4,47,3,1,1,1,1,0,1,1,0,0,0,0,0,1
830,2,48,3,67,5,3,3,4,4,38,3,1,2,2,1,0,0,1,0,0,0,0,0,1
831,4,24,3,24,3,3,3,2,3,44,3,2,2,2,1,0,0,1,0,0,1,0,0,1
833,1,45,0,118,1,5,3,4,3,29,3,2,1,1,1,0,0,1,0,1,0,0,0,1
834,2,24,2,51,5,5,2,4,3,42,3,1,1,2,1,0,0,1,0,0,1,0,0,1
835,3,15,2,23,1,2,2,3,1,25,3,1,1,1,1,0,0,1,0,0,1,0,1,0
836,1,12,0,11,1,3,3,4,3,48,1,2,1,1,1,1,0,1,0,0,1,0,0,1
837,4,12,2,9,5,3,2,2,3,21,3,1,1,1,1,0,0,1,0,0,1,0,0,1
838,4,4,2,6,1,2,2,3,1,23,3,1,2,1,1,0,0,1,0,1,0,0,1,0
839,1,24,4,30,1,5,3,4,2,63,3,2,1,2,1,0,1,1,0,0,1,0,0,1
841,1,36,2,52,1,4,3,2,2,29,3,1,1,1,1,0,0,1,0,0,1,0,0,1
842,4,21,3,30,1,3,3,2,1,28,2,2,1,1,1,0,1,1,0,0,1,0,1,0
844,4,24,1,16,1,4,3,4,3,50,1,1,1,2,1,0,0,1,0,0,1,0,0,1
845,4,18,2,34,1,5,3,4,2,47,1,3,2,2,1,0,0,1,0,0,1,0,0,1
846,2,21,2,40,5,4,3,3,3,35,3,1,1,2,1,0,0,1,0,0,1,0,0,1
847,4,18,2,68,5,3,3,4,3,68,3,2,1,1,1,1,0,1,0,1,0,0,0,1
848,4,24,2,12,1,2,4,2,1,28,3,1,1,1,1,1,0,1,0,0,1,0,0,1
850,1,12,2,7,1,5,3,4,1,57,2,1,1,1,1,0,0,1,0,0,1,0,1,0
851,1,20,4,22,1,3,4,2,2,33,1,2,1,1,2,1,0,0,0,1,0,0,0,1
852,4,24,4,40,5,4,3,4,2,43,3,2,1,2,1,0,1,1,0,0,1,0,0,1
853,4,15,4,15,1,3,3,4,4,35,3,2,1,2,1,0,0,1,0,0,0,0,0,1
854,1,18,1,14,1,4,3,4,4,32,3,2,2,1,1,1,0,1,0,0,0,0,1,0
857,4,10,2,9,5,4,2,3,2,40,3,1,1,2,1,0,0,1,0,0,1,0,0,1
858,4,15,4,33,1,3,3,2,4,28,3,1,1,2,1,0,0,1,0,0,0,0,0,1
859,1,15,2,40,1,3,2,2,2,29,3,1,1,2,1,1,0,1,0,0,1,0,0,1
861,4,24,4,58,4,3,3,2,1,27,3,2,1,1,1,0,1,1,0,0,1,0,0,1
862,4,18,3,22,1,3,4,2,3,28,3,1,1,2,1,0,0,1,0,0,1,0,0,1
863,1,24,2,24,1,2,2,4,1,35,3,1,1,2,1,0,0,1,0,0,1,0,0,1
864,4,27,4,45,4,2,3,2,1,32,2,2,2,2,1,0,0,1,0,0,1,0,1,0
865,4,10,2,22,1,3,3,2,1,25,1,1,1,1,1,0,0,1,0,1,0,0,1,0
866,4,15,2,22,3,3,2,4,3,20,3,1,1,1,1,0,0,1,0,1,0,0,0,1
867,1,18,2,24,1,2,2,1,3,27,2,1,1,1,1,0,0,1,0,0,1,0,0,1
869,4,36,2,74,5,5,3,2,2,37,3,2,1,1,1,0,0,1,0,0,1,0,0,1
870,1,12,2,7,1,5,2,4,2,24,3,1,1,1,1,0,0,1,0,1,0,0,0,1
871,4,36,3,77,3,4,2,4,3,40,3,2,1,2,1,0,0,1,0,0,1,0,0,1
873,1,24,4,14,2,4,3,1,1,26,3,2,1,2,1,0,0,1,0,0,1,0,0,1
874,4,15,2,9,5,2,2,1,1,24,3,1,1,1,1,0,0,1,0,0,1,0,0,1
875,1,12,2,36,1,3,3,2,2,29,3,1,2,1,1,0,0,0,1,0,1,0,1,0
876,2,11,4,13,4,3,2,4,3,40,3,2,1,1,1,1,0,1,0,0,1,0,0,1
877,1,18,1,19,1,2,3,4,4,36,1,1,1,2,1,0,0,0,1,0,0,0,0,0
878,4,36,2,36,1,5,3,2,3,28,3,1,1,1,1,0,0,1,0,0,1,0,0,1
879,1,9,2,14,1,2,3,2,4,27,3,1,1,2,1,1,0,1,0,0,0,0,0,0
881,4,24,2,78,1,4,3,3,3,38,3,1,1,2,1,0,1,1,0,0,1,0,0,0
882,4,24,2,93,5,3,1,4,4,48,3,1,1,2,1,0,1,1,0,0,0,0,0,1
884,4,18,4,11,1,1,2,4,3,65,3,2,1,1,1,0,0,1,0,0,1,1,0,0
885,2,24,2,41,1,4,1,3,3,43,3,1,1,2,1,0,0,1,0,0,1,0,0,1
886,1,12,2,8,1,2,2,4,2,53,3,1,1,1,1,0,0,1,0,0,1,0,0,1
887,2,24,4,28,5,4,3,3,4,34,3,2,2,2,1,0,0,1,0,0,1,0,0,1
888,2,48,2,157,1,3,3,2,3,23,3,1,1,2,1,0,0,1,0,0,1,0,0,1
889,4,36,4,66,1,5,3,4,3,34,3,2,1,2,1,1,0,1,0,0,1,0,0,0
891,1,27,4,24,1,5,3,4,3,43,2,4,2,2,1,0,0,1,0,0,1,0,0,0
892,4,15,4,18,1,5,3,4,3,46,3,2,1,2,1,0,0,1,0,0,1,0,0,1
893,1,12,4,22,1,3,3,4,2,38,1,2,1,1,2,1,0,1,0,0,1,0,1,0
895,4,18,4,12,5,3,3,3,2,29,3,2,1,2,1,0,0,1,0,0,1,0,0,1
896,4,36,3,89,5,4,3,2,3,31,2,1,2,2,1,0,1,1,0,0,1,0,0,0
898,4,12,4,16,4,4,2,2,2,35,3,1,1,1,2,0,0,1,0,0,1,0,0,1
900,1,18,2,42,1,3,3,3,3,42,3,1,1,1,1,0,0,0,1,0,1,0,0,1
901,1,16,4,26,1,5,3,4,2,43,1,1,1,2,1,1,0,0,0,1,0,0,0,1
902,4,20,4,35,5,2,1,4,1,44,3,2,1,2,1,1,0,1,0,0,1,0,0,1
903,4,36,4,105,5,5,3,4,4,42,3,2,1,1,1,0,1,1,0,0,0,0,0,1
904,4,15,2,14,5,3,4,2,1,40,3,1,1,2,1,0,0,1,0,1,0,0,0,1
905,4,24,2,13,1,5,3,1,1,36,3,1,1,2,1,0,0,1,0,0,1,0,0,0
907,1,21,2,38,5,4,3,2,1,24,3,1,1,1,2,1,0,0,1,0,1,0,1,0
908,2,36,2,37,5,3,4,2,3,27,3,1,1,1,1,0,0,1,0,0,1,0,0,1
909,4,15,3,36,1,2,2,2,2,46,3,2,1,1,1,0,1,1,0,0,1,0,1,0
910,2,9,2,32,5,3,2,2,1,33,3,1,1,1,1,1,0,1,0,0,1,0,1,0
911,4,36,3,45,1,3,2,4,1,34,3,2,1,1,1,0,0,1,0,0,1,0,0,1
913,2,30,2,30,5,5,2,4,3,25,3,1,1,1,1,0,0,1,0,0,1,0,0,1
914,4,11,2,21,4,5,1,2,1,28,3,1,1,2,1,0,0,1,0,0,1,0,0,1
915,1,24,1,32,1,3,3,2,2,31,3,1,1,2,1,0,0,1,0,1,0,0,0,1
916,2,48,0,184,1,3,2,2,2,32,1,1,1,2,2,0,0,1,0,0,1,0,0,0
917,4,10,2,28,2,3,3,2,1,32,3,1,2,1,1,0,1,0,1,0,1,0,0,1
920,1,24,2,33,1,5,3,2,2,39,3,1,1,2,1,0,0,1,0,1,0,0,0,0
921,4,18,4,18,1,3,2,2,4,28,3,2,1,1,1,0,0,1,0,0,1,0,0,1
922,4,48,3,127,3,4,3,1,3,37,3,1,1,2,1,0,0,1,0,0,1,0,0,0
923,1,9,2,14,1,2,2,4,2,22,3,1,1,1,1,0,0,1,0,1,0,0,0,1
924,2,12,2,20,1,4,3,4,2,30,3,1,2,2,1,1,0,1,0,1,0,0,0,1
925,1,24,1,69,1,2,1,1,2,55,1,1,1,2,1,0,0,1,0,0,1,0,0,1
926,1,12,1,7,1,2,3,2,3,46,1,2,1,2,1,1,0,1,0,0,1,0,0,1
928,1,48,2,103,1,4,3,4,4,39,2,3,2,2,1,0,1,1,0,0,0,0,0,1
929,4,30,2,19,5,5,3,4,3,58,3,1,1,2,1,0,0,1,0,0,1,0,0,1
930,1,12,3,13,1,3,3,2,1,43,3,2,2,1,1,1,0,1,0,0,1,0,1,0
931,1,24,2,17,1,2,3,1,2,24,3,1,1,1,2,0,0,0,1,0,1,0,1,0
933,4,9,4,12,1,3,3,1,1,30,3,2,1,1,1,1,0,1,0,0,1,0,0,1
935,1,12,2,15,1,3,2,1,3,23,1,1,1,1,1,0,0,1,0,0,1,0,0,1
936,2,30,3,19,2,2,3,3,4,30,2,2,1,1,1,0,0,1,0,0,1,0,0,0
937,3,9,2,7,1,3,2,2,1,28,3,1,1,1,1,0,0,1,0,0,1,0,1,0
939,2,60,2,63,1,3,3,4,4,42,3,1,1,1,1,0,0,1,0,0,0,0,0,1
940,4,24,4,68,5,3,3,4,2,46,3,2,2,2,1,0,1,1,0,0,1,0,0,0
941,4,12,2,35,5,2,3,3,2,45,3,1,2,2,1,1,0,1,0,0,1,0,0,0
942,4,10,2,15,1,3,3,2,1,31,3,1,2,1,2,1,0,1,0,0,1,0,1,0
943,4,24,2,9,5,4,3,2,3,31,2,1,1,2,1,0,0,1,0,0,1,0,0,1
944,4,4,4,15,1,4,3,1,1,42,3,3,2,1,1,1,0,1,0,0,1,0,1,0
945,1,15,2,18,1,2,2,1,2,46,3,1,1,1,1,0,0,0,0,1,0,0,0,1
946,2,48,0,84,3,2,2,1,3,30,3,2,1,1,1,1,0,1,0,0,1,0,0,1
947,1,24,1,33,3,2,3,4,4,30,3,1,2,2,1,0,0,1,0,0,0,0,0,1
948,4,12,2,29,5,1,3,4,4,38,3,1,1,2,1,1,0,1,0,0,1,0,0,0
950,4,24,2,36,2,5,3,4,3,31,3,2,1,1,1,0,0,1,0,0,1,0,0,1
951,2,18,4,36,1,1,4,3,3,40,3,3,2,2,1,0,0,1,0,0,1,1,0,0
952,1,36,3,21,1,4,3,1,3,24,3,2,1,2,1,0,0,1,0,0,1,0,0,1
953,2,24,2,41,3,2,2,4,3,28,3,1,1,1,1,0,1,1,0,1,0,0,0,1
956,1,24,4,12,4,5,2,4,2,57,3,2,1,2,1,0,0,1,0,1,0,0,0,0
957,3,30,4,37,5,5,3,4,2,49,2,2,1,1,1,0,0,1,0,0,1,0,1,0
959,1,28,2,40,1,3,3,2,3,45,3,1,1,1,1,1,0,1,0,0,1,0,1,0
960,2,24,2,31,2,5,3,4,4,30,3,1,1,1,1,0,0,1,0,0,0,0,0,1
962,2,21,3,24,1,3,1,4,2,47,3,2,1,1,1,1,0,1,0,0,1,0,0,1
963,4,15,2,36,5,3,3,2,4,29,3,1,1,1,1,1,0,1,0,0,1,0,0,1
964,4,24,2,24,3,5,3,2,3,35,1,2,1,2,1,0,0,1,0,0,1,0,0,1
966,2,30,2,17,5,3,2,1,3,26,3,1,1,1,1,0,0,1,0,0,1,0,0,1
968,4,15,2,36,1,5,2,2,3,54,1,1,1,2,1,0,0,1,0,1,0,0,0,0
971,2,15,2,15,2,3,3,2,1,22,3,1,1,1,1,0,0,0,0,0,1,0,0,1
972,4,24,2,74,1,3,3,4,2,43,3,1,2,1,1,1,0,1,0,0,1,0,1,0
973,1,24,1,12,1,1,2,4,4,29,3,2,1,1,1,1,0,0,1,1,0,1,0,0
974,1,60,2,73,1,5,3,4,4,36,3,1,1,1,1,0,0,0,1,1,0,0,0,1
975,4,30,4,28,1,3,2,2,3,33,3,1,1,2,1,0,0,1,0,0,1,0,0,1
977,2,6,2,8,1,3,2,3,1,64,3,1,1,1,1,0,0,0,0,0,1,0,0,1
978,2,18,3,24,5,5,3,2,2,42,3,2,1,1,1,0,0,1,0,0,1,0,0,1
979,4,24,3,25,1,5,3,4,3,47,3,2,2,1,1,1,0,1,0,0,1,0,1,0
981,2,30,4,84,1,4,3,2,2,49,3,1,1,1,1,0,0,1,0,0,1,0,0,1
982,4,48,2,48,1,1,3,2,3,33,1,1,1,2,1,0,0,1,0,1,0,0,0,0
984,1,36,2,82,1,3,3,2,2,26,3,1,2,1,1,0,1,1,0,0,1,0,0,1
985,4,24,4,20,1,4,3,2,2,30,3,2,1,1,1,0,0,1,0,0,1,0,1,0
986,1,15,4,14,1,3,2,3,2,25,3,2,1,1,1,0,0,1,0,1,0,0,0,1
987,3,42,0,63,1,2,1,1,2,33,3,2,1,1,1,0,0,1,0,0,1,0,0,1
989,1,24,2,66,1,1,3,2,4,29,3,1,1,2,1,0,1,1,0,0,0,0,0,0
990,2,24,4,17,1,5,3,2,2,48,3,2,1,1,1,0,0,1,0,0,1,0,1,0
991,4,12,4,36,5,2,3,1,2,37,3,2,2,1,1,0,0,1,0,0,1,0,1,0
992,4,15,1,16,2,5,3,4,3,34,1,1,2,1,1,0,0,1,0,0,1,0,1,0
993,1,18,2,19,5,4,4,4,3,23,3,2,1,1,1,0,0,1,0,1,0,0,1,0
994,1,36,2,40,1,1,3,3,2,30,3,1,1,2,1,0,0,1,0,0,1,0,0,0
995,4,12,2,24,5,5,3,3,3,50,3,1,1,2,1,1,0,1,0,0,1,0,0,1
997,1,30,2,39,1,3,1,4,2,40,3,1,1,2,1,0,1,1,0,0,1,0,0,0
998,4,12,2,8,1,5,3,4,3,38,3,1,1,1,1,0,0,1,0,0,1,0,0,1
1000,2,45,4,46,2,1,3,4,3,27,3,1,1,1,1,0,1,1,0,0,1,0,0,1
